title,last_name,first_name,year,question,tags,category,consent,file_path,presentation_file_path
The Study Abroad Decision Making Process: A Look at French and Italian Programs,Longiotti,Elysse,2015,"What personal and academic factors contribute to Northwestern undergraduates� selection of French and Italian study abroad programs and what roles do personal, familial, and instructor expectations play in the selection process?",,Academic Services and Programming,yes,,
"""I Didn't Want to Miss Out"": How Students Navigate Opportunities for Campus Leadership With Ambition to Participate in Study Abroad",Lattal,Joseph,2015,"How does the prospect of campus leadership positions play a role in a student�s decision whether or not to study abroad while enrolled at a highly selective, research institution?","study abroad, involvement, leadership, summer programs, experience, navigate",Academic Services and Programming,yes,,
The Academic and Social Support of International Graduate Students at Northwestern University: The Latin American Student�s Experience,Rodriguez,Milvia,2015,What is the nature of the academic and social experience of Latin American international graduate students at Northwestern University and how�does Northwestern support Latin American students� academic and social integration into the University community?,,Academic Services and Programming,yes,,
Institutional Perceptions of the Impact of Title VI on the Internationalization of Higher Education,Linton,Todd,2015,How do universities with federally funded Title VI National Resource Centers (NRCs) perceive the impact of these centers on institutional objectives related to international studies and foreign language instruction?,,Academic Services and Programming,no,,
"Graduate Students with Children: Challenges, Support, and Academic Success",Merrell,Ann,2015,"What support and challenges do graduate students with children encounter at a private, highly selective, research university, and how can the institution encourage the academic success of these students?","graduate student parents, work-family conflicts, mothers, fathers, students with children, international students",Academic Services and Programming,yes,,
The �T� Word at Women�s Colleges,Joy,Michel,2015,What are the perceptions and opinions of students and administrators on the controversy of inclusion and exclusion of trans*gender students at a women�s college; what do students believe are the central issues in resolving the controversy; and how do those opinions inform ongoing student and administrator actions?,,Academic Services and Programming,no,,
Test-Optional Admissions Policies: Where do they Make Sense?,Hyde,Sarah,2015,"How are standardized test scores utilized in the undergraduate college admissions process, and what are the potential benefits and/or drawbacks of implementing test-optional policies at a highly selective research university in the Midwest?","undergraduate admissions, test-optional, SAT, ACT, standardized tests, admissions policies",Academic Services and Programming,yes,,
Social Class Transformation in Low-Income Students at Highly Selective Universities,Chen,Carol,2015,Do low-income students at highly selective universities experience social class identity transformation over their time in college? How can higher education administrators and institutions best support students in this process?,"low-income students, socioeconomic status, cultural capital, undergraduate students, alumni, institutional resources, student supports",Academic Services and Programming,yes,,
"An Exploration of the Student Experience in a Brief Mindfulness Workshop: Motivations, Expectations, and Benefits",Formica,Matt,2015,"What motivates master�s level law students to participate in a mindfulness workshop aimed at reducing stress and improving concentration, what are their expectations, what do they perceive the benefits of mindfulness to be, and how can higher education institutions utilize mindfulness to improve the health, wellness, and performance of their students?","mindfulness, student health, stress management, focus, workshops, law schools",Academic Services and Programming,yes,,
Supporting Peers with Mental Health Issues,Backoff,Jennifer,2015,"What do college students at a highly selective Research I institution recognize as symptoms of mental health issues and what actions do they, or would they, take to help their peers with these challenges?","college students, mental health",Academic Services and Programming,yes,,
The Talking Cure: Sustained Dialogue and Perceptions of Racial/Ethnic Climate,Sugg,David,2015,"Two years after a series of racially-biased incidents led to the implementation of a Sustained Dialogue program at Northwestern University, how do participants in the program and non-participants describe the campus�s racial and ethnic climate?","race, diversity, racial climate, dialogue, sustained dialogue, inclusion",Academic Services and Programming,yes,,
Recruiting Student-Athletes: An Examination of the Marketing of Academic Reputation and Student-Athlete Services,Smith,Corrine,2015,How do student-athletes at a highly selective and athletically competitive Football Bowl Subdivision (FBS) University perceive the effectiveness of their institution�s marketing of academic reputation and athletic student services throughout its recruitment process?,"student athlete, recruiting, college athletics, marketing",Academic Services and Programming,yes,,
Advancement Strategies of Women in Student Affairs,Walker,Jasper Pierson,2015,"What advancement strategies and supports have women utilized, and what challenges exist in gaining access to student affairs leadership positions at a top-tier, private, Research I institution in the past several decades, and what recommendations can be offered to ascending female leaders in student affairs?�",,Academic Services and Programming,yes,,
"Mission, Culture and the First Year Experience",Pinchuck,Rebecca,2015,"How do new student programs at DePaul University reflect the school�s mission and culture, and after participating do undergraduate first-year students feel engaged and connected to that mission and culture?","mission, culture, organizational theory, mission statements, first year experience",Academic Services and Programming,yes,,
Institutional Support for High Achieving Students from Low Socioeconomic Backgrounds,Hershman,Jacob,2015,What are the student perceptions and satisfaction levels regarding institutionally provided academic and social support for students from low socioeconomic backgrounds at highly selective research universities?,"Low-income students, student success, academic support, social support",Academic Services and Programming,yes,,
Women in Science and Medicine: Mentoring and Retention Along the Academic Pipeline,Castle,Megan,2015,"How do two hybridized mentoring programs help participants, female students and faculty in science and medicine at a Research I Institution, overcome factors that lead to attrition in those fields?","mentorships, dyadic mentoring, peer mentoring, women in STEM, gender parity, medical students, postdoctoral fellows, assistant faculty, tenured faculty",Academic Services and Programming,yes,,
Women Senior-Level Leaders in Higher Education: Facing and Overcoming Barriers,Oberly,Kristina,2015,"What career advancement barriers, if any, do women experience along the path to higher education senior-level leadership roles, and how do some women attain senior-level positions at leading research universities despite these barriers?","women, administrators, leadership, barriers, overcoming barriers, career advacement",Academic Services and Programming,yes,,
Community Colleges Going Abroad: The Characteristics and Motivations for Study Abroad,Bennett,Whitney,2015,What are the characteristics of Midwestern community colleges offering study abroad and what motivates community college students to participate in the programs?,"study abroad, community colleges, student motivation, international education",Academic Services and Programming,yes,,
Queer: Will Travel,Erker-Lynch,Emory,2015,"How do new cultural realities experienced through experiential study abroad programs influence LGBTQ-identifying participants in their sexual identity development, and how can higher education professionals best utilize this knowledge in designing programming supportive of students and host communities?","LGBTQ, gay, lesbian, queer, identity development, abroad, experiential support, study abroad, resources",Academic Services and Programming,yes,,
From Silo to Forum: Fostering Cohesion through Institutional Structures,DiGuilio,Katy,2015,"How do university-wide structures, such as forums or committees, foster institutional cohesion between faculty and administrators at a Research I institution?",,Academic Services and Programming,no,,
"Connecting Study Abroad, Global Competency, and Campus Involvement: What Changes When Students Return to Campus After Study Abroad?",Mimms,Lauren,2015,"Directly following participation in a quarter-long Associated Colleges of the Midwest (ACM) study abroad program, how do students� involvement in on-campus activities and students� levels of global competency (e.g. cultural sensitivity, intercultural development) change, and how do these same outcomes change after 15 months?",,Academic Services and Programming,yes,,
Next Time Won�t You Play With Me: Scalability of Simulation-Based Learning at Northwestern University,Thurber,Derek,2015,What variables of scale affect the stated goals of the simulation-based medical education at the Feinberg School of Medicine and how do they compare to the variables of scale required for other types of game-based learning innovations?,"scale, scalability, simulation, game-based learning, fidelity, motivation, augmented reality",Academic Services and Programming,,,
Leadership Perception Among Asian American College Students,Ji,Alice,2015,"How do undergraduate Asian American students at a highly selective research institution perceive their personal leadership involvement, and how can the institution support their development as leaders?",,Academic Services and Programming,yes,,
Supporting Students: Student Experiences with Multiple Marginality and Identity-Based College Offices,Meyers,Deirdre,2015,"How are students with multiple marginalized identities among the categories of (1) race/ethnicity, (2) sexual orientation/gender identity, (3) socioeconomic status, and (4) ability status supported by identity-based offices at a private research university, and how do their experiences inform best practices?",,Academic Services and Programming,yes,,
Normalizing Nerdiness: Honors Programs and Sense of Belonging,Tabor,Faye,2015,How can honors programs cultivate a sense of social and academic belonging amongst program participants at a large urban private university and a suburban liberal arts college?,"honors students, honors programs, belonging, higher education, peer relationships, faculty relationships",Academic Services and Programming,yes,,
Thinking Out Loud: How College Students Develop Their Oral Communication Skills Participating in Co-Curricular Activities,Bond,Brendan,2015,"How do students participating in co-curricular activities at a Jesuit university develop their oral communication skills, and can the practices they used in their activities to develop those skills be utilized in a classroom setting?",,Academic Services and Programming,No,,
"Perceptions of Mentoring Among Doctoral Students in Science, Technology, Engineering and",Blaskowski,Lindsay,2015,"What types of mentoring relationships exist for doctoral students in science, technology, engineering, and mathematics (STEM)�disciplines at NorthwesternUniversity and how does (1)�gender of the doctoral student,�(2)�type of STEM discipline, and�(3)�gender of the mentor�affect doctoral students� perceptions ofthese mentoring relationships?�","doctoral students, STEM, Mentoring Relationships, mentorship, women",Academic Services and Programming,yes,,
Mathematics�(STEM) Disciplines,Backus,Linda,2014,How do alumni from different generations engage with Northwestern through reunions?,"alumni, alumni engagementm reunions, generation, development, social media",Academic Services and Programming,yes,,
Teach Us to Teach: An Exploration of Pedagogical Preparation for Humanities Doctoral Students,Badeaux,Lindsay,2014,What guidance and resources regarding pedagogy are needed to prepate humanities doctoral students for the professoriate?,"pedagogy, training, doctoral students, humanities, mentorship, pedagogical resources, preparedness for teaching, changing professoriate",Academic Services and Programming,yes,,
"Quest Scholars and Multiple Dimensions of Identity: A Closer Look at the Identity Development of High Achieving, Low - Income Students",Bohnsack,Jane,2014,"How do a group of low-income students at a highly selective, Midwestern research university conceptualize the multiple dimensions of their identities, and what salient factors play a role in this conceptualization?",,Academic Services and Programming,no,,
The Impact of Study Abroad on Undergraduate Male Students� Perceptions of Privilege and Oppression,Bradley,Daniel,2014,Do male undergraduate students who study abroad in developing nations have a more complex understanding of privilege and oppression than students who study in developed destinations?,,Academic Services and Programming,,,
The Role of Student Social Groups in the Social Adjustment of International Graduate Students,Chen,Xiao,2014,How can student social groups facilitate the social adjustments of international graduate students at Northwestern University?,"international students, graduate student, social adjustment, highly selective university, social groups, forming friendship, facilitator",Academic Services and Programming,yes,,
Student Involvement with Refugees: Individual and Societal Impacts,Cheney,Kim,2014,How does college student involvement with refugees enrich student development and contribute to an enhances perception of their role as a global citizen?,"refugee, service-learning, multicultural immersion, service, comfort zone, growth, involvement",Academic Services and Programming,yes,,
Unreported: An Examination of Athletic Department Finances and the Approximate Cost of the Student - Athlete Experience,Crosby,Emily,2014,What is the cost of the student athlete experience and how does it vary by sport activity and institutional type for Division I institutions?,"student-athlete resources, athletics, budget, finance, NCAA",Academic Services and Programming,yes,,
"Confidence, Collaboration, and Career-Building: Undergraduate Women in Leadership Roles at Northwestern University",Farnan,Andrea,2014,What factors encourage and support undergraduate women in leadership roles at Northwestern and how can the university develop their leadership competencies through professional and educational opportunities and campus climate support?,"leadership, women, college, mentoring, student leadership",Academic Services and Programming,yes,,
Humanities Majors: Perceptions of Preparedness for the World of Work,Faucette,Lauren,2014,"What are the perceptions of current humanities students and recent alumni from a private, highly selective research institution in regards to their career preparedness, and how can universities help to make them better prepared?",,Academic Services and Programming,,,
A Course in Emotional Intellig ence: What Stands to be Gained from the Undergraduate Student Perspective,Gahlinger,Tana,2014,How does participation in a course on emotional intelligence affect undergraduate students� measured emotional intelligence and their utilization of course learning outcomes outside of class?,"emotional intelligence, student learning outcomes, undergraduate, stress management",Academic Services and Programming,yes,,
Working Together: An In - Depth Look at a Structured Collaborative Learning in Chemistry Program and Related Student Outcomes,Gaines,Jacqueline,2014,"How does a structured �collaborative learning in chemistry� program operate and function, and how does par ticipation in the program impact student learning outcomes and skill development?","collaborative, learning, critical thinking, communications, interpersonal, chemistry",Academic Services and Programming,yes,,
Measuring Staff Engagement in Budgeting Processes,Gravlin,Kerri,2014,How are staff engaged in the budgeting processes at a top tier law school?,,Academic Services and Programming,yes,,
Reentry Programming for Students Returning from International Service,Guzzardo,Gabrielle,2014,What issues do students face when returning from a service trip in an underveloped country and how can reentry programming aid in this process?,"international, global engagement, strudent-volunteer, cultural adjustment, reentry, reverse culture shock, missions, international service",Academic Services and Programming,yes,,
Factors Influencing Student Success in Remedial Education at Community Colleges: Learning from the Student Experience,Kantoff,Howard,2014,"What factors influence student success in remedial coursework at Oakton Community College, how well does institutional policy and practice align with the experience of students taking remedial courses, and how can this knowledge contribute to improving student success, both in these courses and at the college generally?",,Academic Services and Programming,yes,,
Creating a Campus Community: Outside - the - classroom Involvement and Adult Undergraduate Satisfaction,Malvin,Lisa,2014,"How does adult undergraduate involvement in the campus community outside the classroom impact student satisfaction within a School of Continuing Education at a highly selective, private four - year research university?","adult learners, outside the classroom involvement, extracurricular activities, sudent satisfaction, campus community, non-traditional-age students",Academic Services and Programming,yes,,
Student Involvement and Residential Status: Exploring the Relationship Between Living Situation and Collegiate Engagement,Maxwell,Andrew,2014,How does the level of student involvement for students living off-campus compare to students living on- campus at a private research I university?,"involvement, student involvement, residence, residential status, on-campus, off-campus, engagement",Academic Services and Programming,yes,,
"Social Media and Student Affairs: Like Us, Follow Us, Tweet Us, Talk To Us",Pfleger,Lindsey,2014,What can a Research 1 University's Student Affairs Division learn from their socia media practices?,"social media, student affairs, best practives, policies and guidelines, marketing",Academic Services and Programming,yes (but not online),,
Giving Back: How Northwestern Community Partners See Student Service,Pugh,Anne,2014,How do Northwestern�s community service partners perceive volunteer work and philanthropy completed for their organizations by Northwestern students?,"community partnerships, civic engagement, community service",Academic Services and Programming,yes,,
The Law School Crisis: A Study of Two-Year Accelerated Juris Doctor Programs,Rossmoore,Bernadette,2014,"How are two-year accelerated Juris Doctor programs similar to or different in ranked private U.S. law schools compared to non - ranked private U.S. law schools in regards to student profiles, curriculum design and program resources?","legal education, curriculum, programmatic structure",Academic Services and Programming,yes,,
Queer Students Take the Lead: Analyzing the Impact of Campus Leadership Positions on the Identity Development of LGBTQ Students,Royal,Nicholas,2014,How does holding campus leadership roles impact LGBTQ students� sexual and gender identity development?,"LGBT, LGBTQ, queer, leadership development, identity, identity development",Academic Services and Programming,yes,,
"Expandind the Scope of International Risk Management: Creating Policy for Non-Credit Bearing, University-Sponsored International Travel by Undergraduate Students",Schneider,Lauren,2014,"How are education abroad professionals at two different types of institutions � research intensive universities and liberal arts colleges � developing policies and educational initiatives in order to make institutionally-sponsored, non-credit bearing international activities safer for undergraduates?","international education, risk management, non-credit bearing, liability, policy, policy development",Academic Services and Programming,yes,,
"Navigating a Maze Without a Map:Undocumented, Latina Community College Student Challenges",Shaw,Jamie,2014,"What challenges do undocumented, undergraduate Latina students face at a communitycollege located in the Chicago suburbs?",,Academic Services and Programming,no,,
What They Asked For:Examining the Tension Between Title IX Sexual Violence Obligations andUniversity Student Conduct Procedure,Smith,Meredith,2014,How do the principles and processes of higher education student conduct and the sexual violence response obligations borne from Title IX align; and what are the implications for four-year residential higher education institutions?,,Academic Services and Programming,yes,,
Recruiting and Race: The Racial Identity Development of Students Who Recruit Underrepresented Students,Smith,Caitlin,2014,"How does affiliation with admission groups dedicated to recruiting underrepresented minorities at an elite, private, predominantly white institution impact the racial identity of Latino/a and Black students involved in these efforts?","admissions, student recruitment, underrepresented minority students, camps climate, stereotype threat",Academic Services and Programming,yes,,
Defining Values: Student Perceptions of Advisor - Provided Services and Student Outcomes,Stevens,Emily,2014,"What aspects (i.e. career counseling, course selection, discussion of possible majors, etc.) of the academic advising experience do undergraduate students at a midsize research university majoring within a large liberal arts and sciences focused school of study value most?","academic advising, liberal arts and sciences, advisor-advisee relationship",Academic Services and Programming,yes,,
Supporting New Students: Comparing Student and Administrator Perception of Needs,Struglinski,Kimberly,2014,"What support do first year students at Northwestern University need, what types of support do they want during orientation and their first year, and what do they report using; and how do these students� perceptions compare to administrators� perceptions of first year students� needs ?","orientation, first year experience, first year students,student support",Academic Services and Programming,yes,,
Perceptions of Leadership Ability and Development in Undergraduate Sorority Members at Northwestern University,Talbot,Casey,2014,How does membership in one of the twelve National Panhellenic Conference chapters at Northwestern University affect collegiate and recent alumnae members� perceptions of their leadership ability?,"sororirty, leadership, confidence, greek life, women, fraternity",Academic Services and Programming,yes,,
Problem Based Learning: Large-Group Format versus Small-Group Format,Voth,Jessica,2014,How are the academic experiences of students in two variations of an actie learning modality similar and different in the context of the second year curriculum at Northwestern University's Feinberg School of Medicine?,"education, learning, learning outcomes, problem based learning, medical education",Academic Services and Programming,yes,,
"Developing Online and Blended Courses at a Selective, Private Research University: Motives and Challenges Facing Professional Master�s Programs",Walcher,Sheldon,2014,"What motives and challenges do professional master�s programs at a selective private research university have in developing online and blended learning models, and what lessons might administrators draw from programs that have already undertaken the process?",,Academic Services and Programming,,,
"The Role of Admissions Officers in Increasing Aid Awareness Amongst High - Achieving, Low - SES College Applicants",Werly,Andrea,2014,"At highly selective, private research universities, how can admissions administrators leverage their relationships with high school college counselors to help increase awareness of financial aid offerings amongst high-achieving , low-socioeconomic status students?","low-SES students, admissions, enrollment management, fincancial aid, affordability, access, k-12 resources, coltural capital, communications, highly selective private universities",Academic Services and Programming,yes,,
STEM Transfer Students: Influence of Out-of-Classroom Invovement on Student Outcomes,West,Laura,2014,"In what ways do students transferring from a community college into a science, technology, engineering or math (STEM) major at an urban, public, master�s university, become involved outside the classroom on campus and how does this involvement influence their outcomes at the new institution?",,Academic Services and Programming,no,,
Development of Student-Athletes at a Selective Division I University,Arnault,Jillian,2013,"In what areas and to what degree do Division I student-athletes at a selective, private university believe they are supported by the athletic department in the area of student development?","student athlete, student development, college athletics, academic advising, leadership",Academic Services and Programming,Yes,,
"Evolving Value of the Humanities PhD: The Motivations, Expectations, and Perceived Values of PhD Study in the Humanities",Brennen,Gregory,2013,"What do PhD students and graduate faculty identify as the motivations for pursuing, expectations of, and perceived values of PhD study in humanities disciplines?","humanities, PhD, graduate school, motivation, graduate students",Academic Services and Programming,Yes,,
Crossing Lines and Breaking Barriers: Social Interactions between College Students across Race and Ethnicity Lines,Davis,Brianna,2013,What experiences do students have that help them interact across race and ethnicity lines within their social groups at a highly-selective private university?,"diversity, core group, social group, race, ethnicity, interactions",Academic Services and Programming,Yes,,
Undergraduate Teacher Education: Preparing Students for the Realities of Teaching,Dawson,Matthew,2013,How does the undergraduate education program at a selective four-year research institution prepare students for the challenges of teaching as they relate to the promotion of teacher retention?,"academic programming, teacher retention",Academic Services and Programming,Yes,,
Born to PWild: The Impact of Wilderness Pre-Orientation Programs on Student Development and Campus Involvement at Northwestern University,Feinberg,Shoshannah,2013,"How does freshmen participation in Project Wildcat, a wilderness pre-orientation program at Northwestern University, foster student development and impact campus involvement throughout the next four years of college?","pre-orientation, wilderness programs, student development, personal growth, campus involvement, extracurricular activities",Academic Services and Programming,Yes,,
"Empowered Choices:  Understanding Alcohol-Related Sexual Assault Programming at a Private, Highly Selective Research Institution",Fernandez,Joy,2013,"How is a private, highly selective research institution responding to the need for combined alcohol and sexual assault education, prevention, and response programming, and which approaches are proving to be most effective?",,Academic Services and Programming,No,,
Beyond Grades: The Impact of a Collaborative Learning Workshop Program,French,Andrew,2013,How does a collaborative learning program in science contribute to undergraduate student academic success in courses both related and unrelated to the program?,"collaborative, learning, workshop, science, cooperative",Academic Services and Programming,Yes,,
Validating the Transfer Student Experience: The Relationship between Engagement and Transitional Resources,Gaertner,Liza,2013,"How do transfer students at a selective, four-year institution perceive their engagement, and in what ways do formal transitional resources shape these perceptions?","transfer students, engagement, resources, validation, student affairs",Academic Services and Programming,Yes,,
Before the Final Whistle: Fostering Career Development for Student-Athletes,Gallerano,Claire,2013,"How can the athletic department at a private, selective, Division I university facilitate career development for student-athletes?","Athletics, athletic administration, career development, involvement",Academic Services and Programming,Yes,,
The Impacts of Traditional Study Abroad Programs and Service Learning Abroad Programs on Participants in Higher Education,Grossi,Angela,2013,How do traditional study abroad programs compare with service learning abroad programs in regards to the impact on the anticipated career paths and educational plans of participants?,"international, study abroad, traditional, academic, service learning, impacts, higher education, students, career plans, educational plans, transferable skills",Academic Services and Programming,Yes,,
A New Kind of Literacy: Financial Literacy and the University of Illinois Saves Competition,Hayne,Melissa,2013,What motivates students to register for the University of Illinois Saves Competition?,"financial literacy, college student programming, student motivation, personal finance",Academic Services and Programming,Yes,,
The Community College Baccalaureate,Hussain,Shahzad,2013,How do the established baccalaureate granting community college programs in Florida promote retention and graduation without sacrificing their mission of affordable and easily accessible higher education?,"athletics, career development, athletic administration, involvement",Academic Services and Programming,Yes,,
Navigating Multiracial Identity within Higher Education,Kak,Carina,2013,"How do multiracial undergraduate students at a highly selective research university develop and express their identity, and how do institutional characteristics, such as multiracial student services, affect this expression?","multiracial, multiethnic, college students, racial identity development, biracial, multiracial, ethnicity",Academic Services and Programming,Yes,,
Off the Walls and Into the Halls: Leveraging Institutional Cultures to Facilitate Engagement with a Division's Strategic Plan,Kelly,Jandi,2013,How can developing an understanding of administrators' perceptions of institutional culture and goals and their division's goals assist in identifying opportunities that motivate and facilitate engagement with regard to their division's strategic plan in a highly selective Research I university?,"organizational development, organizational culture, governance, administrators, strategic planning, engagement",Academic Services and Programming,Yes,,
"Student Veterans in Higher Education: Transitions, Challenges and Opportunities",Kohler,Natalie,2013,"What are the most common transition challenges experienced by military students in higher education, and how can institutions take action to help facilitate this transition?","student veterans, transitions, non-traditional, institutional support, support services, military",Academic Services and Programming,Yes,,
The Role of Voluntary Pre-orientation Service-learning Programs on a Student's Future Civic Engagement in College: A Case Study of Northwestern University's Freshman Urban Program,Lin,Wei-Fang,2013,What role does a voluntary pre-orientation service-learning program (such as Northwestern University's Freshman Urban Program) play regarding a student's future civic engagement in college?,"pre-orientation, service-learning, civic engagement, Freshman Urban Program",Academic Services and Programming,Yes,,
P-20 Partnerships: A Study of the Collaboration between Northwestern University and Evanston Township High School,Maksymec,Kristin,2013,"How does the newly created coordinator position for Northwestern University and Evanston Township High School affect the students, schools, and community within the first year?",,Academic Services and Programming,No,,
Fish Out of Water: The Impact of Study Abroad on Asian American Students,Moy,Mandi,2013,"How does study abroad impact the racial, ethnic, and social identity development of Asian American undergraduate students?",,Academic Services and Programming,No,,
Bridging the Gap Between Career Services and International Students' Career Development Needs,O'Keefe,Erin,2013,How can University Career Services at Northwestern University effectively meet the career development needs of undergraduate international students?,"international, career services, development",Academic Services and Programming,Yes,,
Contact(s) Sport: Measuring Alumni Engagement and its Importance to Northwestern Football  Student-Athletes,Schmidt,Jacob,2013,How effective is the Northwestern Football Alumni Mentoring Program at engaging football alumni and what impact does this have on its current student-athletes?,"Alumni, mentoring, professional development, football, involvement, assessment",Academic Services and Programming,Yes,,
College Mentors at the Feinberg School of Medicine: Impacts on Mentors' Future Involvement in Medical Education,Schultz,Kate,2013,How does a faculty appointment as a medical student mentor at the Feinberg School of Medicine impact the mentor's future involvement and role in medical education?,"medical education, mentoring, faculty, learning communities, faculty development, curriculum, advising",Academic Services and Programming,Yes,,
Civil Rights Pilgrimage-The Impacts of Domestic Intercultural Immersion on Racial Identity Development,Severson,Nicholas,2013,What are the impacts of a domestic intercultural immersion experience on student identity development and understanding of diverse others?,"race, ethnicity, identity, immersion, cultural, competency, contact, travel, experiential, learning",Academic Services and Programming,Yes,,
The Fifth Quarter: Student-Athlete Identity Transition Into Intercollegiate Athletic Retirement,Shalter,Madalyn,2013,How are Northwestern University student-athletes' identities impacted by the transition from their senior year to intercollegiate athletic retirement?,"student-athletes, identity, career development, career development programs, stereotypes, athletic department",Academic Services and Programming,Yes,,
Influence of Experiential Learning on College-Student Outcomes in a Business Education Context,Subramony,Ritu,2013,How does participation in an experiential learning program influence undergraduate business students' professional skill development?,,Academic Services and Programming,No,,
College-Bound Scholarship Programs in Puget Sound High Schools,Basl,Catherine,2012,How do high schools partner with the College Bound Scholarship program through academic and social support offered to College Bound scholars?,"early commitment scholarship, Washington State scholarship, underrepresented students",Academic Services and Programming,Yes,,
University Open Access Policies,Byrd,Jennifer,2012,What are the characteristics of open access policies adopted at universities and colleges in the United States and what lessons can be learned from these institutions about how to formulate and eventually adopt an open access policy?,"open access, policy, scholarship",Academic Services and Programming,Yes,,
Putting the Degree to Work: Benefits of Internship-Classroom Integration,Crotty,Caitlin,2012,How does the Northwestern Chicago Field Studies practice of integrating a class with an internship program affect students' ability to learn from and benefit from their experience?,"higher education, internship, internship benefit, class, undergraduate, Chicago Field Studies",Academic Services and Programming,Yes,,
"Scholarly Scale-up: Promoting Faculty Engagement in Funded Scholarship at a ""Non-Very High  Research Activity"" Institution",Douponce,Matt,2012,What are the factors that influence faculty engagement in scholarship at a lower tier research university and how can institutional policy promote scholarship productivity?,"scholarship, faculty, research, engagement, tier-III research university",Academic Services and Programming,Yes,,
Support Services of Adult Distance Learners: From the Perspective of Students in a Continuing Studies Program,Dowd,Jennifer,2012,How do support services compare across adult distance learner degree programs and how are these services perceived by adult distance learning students and program staff?,"adult learner, distance learner, support services",Academic Services and Programming,Yes,,
How Living in a Residential Community Impacts Peer and Faculty Interaction,Everett,Ryan,2012,How does living in a first year residential community at Northwestern University impact students' interaction with peers and faculty?,,Academic Services and Programming,No,,
"Reflect, Reform, Refine: The Changing Academic and Social Expectations of First Year Interational Undergraduate Students",Hoversen,Jamie,2012,"What are the academic and social expectations of international undergraduate students entering a highly selective American university, and how are these expectations refined or transformed within the first year of attendance?","international students, expectations, academic expectations, social expectations, Northwestern, reflection, first year experience, higher education, freshman",Academic Services and Programming,Yes,,
From the Classroom to the Conference Room: Liberal Arts Students and the Job Search,Kaufman,Grace,2012,How can universities better prepare their liberal arts students for the job search without sacrificing the academic ideals of that curriculum?,"liberal arts, career, undergraduate curriculum, career center, modern job search, undergraduate job preparation, humanities, Big Ten, business school, curriculum, value of liberal arts",Academic Services and Programming,Yes,,
"Organizational, Academic and Environmental Factors in International Undergraduate Student Satisfaction",Kegler,Mike,2012,What are the key factors in determining undergraduate international student satisfaction at Northwestern University?,"international, globalization, students, foreign, satisfaction, non-immigrant",Academic Services and Programming,Yes,,
Exploring the Relationship between Moral Development and Underage Drinking,Kelly,Meghan,2012,How do students' levels of moral development relate to their perceptions of underage drinking?,"moral development, underage drinking, decision-making, morality",Academic Services and Programming,Yes,,
"Involvement, Integration, and Interpersonal Relationships: Resource Network DevelopmentAmong First Generation College Students at Northwestern University.",Lombardo,Jen,2012,How do first generation students at Northwestern University develop resource networks and how do these networks contribute to their success on campus?,"first generation college students, social integration, resources, networks, student success, engagement, higher education, belonging, social network",Academic Services and Programming,Yes,,
A Home is Not a Perfect Place: Supporting QuestBridge Students at Northwestern University,Murphey,Carrie,2012,How can the university provide administrative support to encourage QuestBridge students' sense of belonging at Northwestern?,"socioeconomic status, student services, administration, class culture, campus culture, QuestBridge, underrepresented students",Academic Services and Programming,Yes,,
The Kellogg School of Management's Global Initiatives in Management Program: The Student Perspective,Roland,Casey,2012,How do student participants feel that their experiences in the Global Initiatives in Management program at the Kellogg School of Management reflect the program�s goals?,"international programs, global, MBA, assessment, student-led curriculum, MBA curriculum, experiential learning",Academic Services and Programming,Yes,,
End Zone Engagement: A Study of Football Player Engagement and Satisfaction,Sampsel,Corey,2012,How does a college football player's level of engagement affect the student's institutional satisfaction?,"college, sports, engagement, satisfaction, football, player",Academic Services and Programming,Yes,,
"Care, Community, and Connection: How DePaul University's Office of Multicultural Student Success is Helping Historically Underrepresented Students Succeed�",Sedun,Catherine,2012,Do the programs offered by the Office of Multicultural Student Success at DePaul University accomplish their goals of student success and provide a rich college experience for the historically underrepresented students they serve?,"retention, persistence, graduation, historically underrepresented, minority, low socioeconomic, first generation, support programs",Academic Services and Programming,Yes,,
Sustaining the Liberal Arts: A Study of Liberal Arts Colleges' Business Model and Financial Planning and Management,Sindhu,Sadia,2012,How can traditional residential liberal arts colleges adjust their business models and financial planning and management in order to maintain financial stability while retaining the mission and values of the institution?,"liberal arts, liberal arts colleges, business model, financial planning, values, mission, finanacial stability",Academic Services and Programming,Yes,,
Follow the Leader: Factors that Influence the Success of Student-Led Change Initiatives,Sopko,Jess,2012,What factors influenced the success of Northwestern University students identified as having effectively led a change initiative?,"higher education, leadership, change management, execution, student leadership, leading through change",Academic Services and Programming,Yes,,
The Advance Placement Program: Benefit or Burnout for First-Year College Students,Steinberg,Arielle,2012,How might enrollment in five or more high school Advanced Placement classes influence a student's senior year of high school and first year of college?,"Advanced Placement, stress, academic enrichment, high school, students, freshman year, college transition, college preparatory, time management, social engagement",Academic Services and Programming,Yes,,
Oriented Toward Success: Preparing Community College Students for their First Year,Wallace,Hope,2012,What components of a community college orientation program will provide the tools necessary to achieve student-perceived success for first-year students?,"orientation, community college, first-year experience, academic advising",Academic Services and Programming,Yes,,
Human Capital Development vs. Work-First: Examining WIA Intensive Services,Bright,Steve,2011,"How does the interaction between low-income workers and employment counselors encourage or deter the latter from pursuing a certificate or degree while participating in ""intensive services"" and training provided through the WIA?","low-income, WIA, employment counselors, insentive, human capital development",Academic Services and Programming,N/A,,
Selectivity & Stockholders in Study Abroad:Elite private institutions & for-profit education abroad program providers,Buda,Krista Marie,2011,How are for-profit education abroad program providers utilized and perceived byeducation abroad administrators at COFHE institutions?,"study abroad, for-profit, education abroad, COFHE, forum on education abroad",Academic Services and Programming,Yes,,
Pledging Support: Civic Engagement Perceptions of Students in aSocial Fraternity or Sorority,Ehrmann,James J.,2011,How does membership in a social fraternity or sorority influence undergraduate studentperceptions of civic engagement?,"fraternity, sorority, Greek life, civic engagement, philanthropy, community service, perceptions, leadership",Academic Services and Programming,Yes,,
A step in the global direction:The influence of short-term international service programs,Jones,Jacqueline N.,2011,How do short-term international service learning programs influence interculturalsensitivity development for undergraduate students?,"student development, international service learning, intercultural competence, sensitivity development",Academic Services and Programming,Yes,,
Let My People Go:Jewish Engagement through Study Abroad,Kaltman,Debbie,2011,How does study abroad outside of Israel affect Jewish engagement in Jewish college students?,"student engagement, Jewish college student, study abroad, religion, spirituality",Academic Services and Programming,Yes,,
The Skill to Lead: The Effect of Athletic Skill on Coaching Pedagogy and Team Leader Emergence,Kavanaugh,Sean,2011,What role does the student-athlete's level of skill in their sport have on their coach's perceptions of their leadership capabilities and the likelihood that the athlete is named to a formal leadership role?,"captain, student-athlete, coach pedagogy, leadership, learning outcome, formal leadership",Academic Services and Programming,Yes,,
From Pursuing Enemies to Pursuing Education:Veteran Student Organizations and Institutional Satisfaction,Kreutzer,Mark,2011,What are the differences in the reported levels of engagement and institutional satisfactionbetween veteran community college students who participate in student veteran organizations(SVOs) and those that do not?,"veterans, student groups, community college, satisfaction, engagement, non-traditional students",Academic Services and Programming,Yes,,
Predictors of Student Success InA Blended Learning Program,Masterton,Desmond,2011,What are the predictors of student success at Northwestern University Prosthetic OrthoticCenter�s blended learning program?,"blended learning, student engagement, distance education, online education, predictors of student success, faculty engagement",Academic Services and Programming,Yes,,
In Four Loko Parentis:The Struggle to Regulate Student Drinking in American Higher Education,Randall,Nate J.,2011,"How do historical and legal factors influence the undergraduate student alcoholenvironment, and how effective are today�s interventions, prevention strategies, and nationalpolicies in mitigating harm?","college student, drinking, prevention, policy, effectiveness, legal, behavior, harm, history",Academic Services and Programming,Yes,,
Making a Life by What We GiveThe Impact of Participation in an Education Outreach Program on Facilitators:A Case Study of the Oncofertility Saturday Academy at Northwestern University,Reynolds,Nadia,2011,What is the impact of participation in the Oncofertility Saturday Academy (an educationoutreach program at Northwestern University) on the volunteer facilitators?,"education outreach, k-12, impact, facilitation, faculty, students, STEM, science education",Academic Services and Programming,Yes,,
Gaining Perspective: Learning Outcomes for Undergraduate Student Spiritual Development at Northwestern University,Rush,Nathan,2011,How do different actors within Northwestern University develop and assess learning outcomes for undergraduate student spiritual development?,,Academic Services and Programming,No,,
Factors Impacting Student Enrollment in Leadership Education Programs,Smith,Allison,2011,Why do Northwestern students who complete the preliminary undergraduate leadership class choose or choose not to pursue the Undergraduate Leadership Certificate?,,Academic Services and Programming,N/A,,
Tell Us a Little Bit About Yourself: The College Application Essay and Student Development,Sundstrom,Kirsten,2011,How does the process of completing college application essays reflect or conflict with adolescent cognitive and identity development?,"student development theory, cognitive development, identity development, adolescent, college student, application essay, common application, admission",Academic Services and Programming,Yes,,
Playing to Win: The Academic and Student Development of Female Varsity Student-Athletes at Northwestern University,Trachok,Katherine,2011,What unique academic challenges confront female varsity student-athletes at Northwestern University and how effective are Northwestern's academic and student development services at mitigating these obstacles?,"athletic administration, academic and student development services, intercollegiate athletics",Academic Services and Programming,Yes,,
Across the Great Divide: The Split Between Faculty and Student Affairs Personnel,Tzuker,Matthew,2011,"Do faculty and student affairs personnel view themselves, each other, students, and the university as a whole, differently?","student affairs, faculty, history, philosophy, relationship, collaboration, advising",Academic Services and Programming,Yes,,
Wage and Engage: A Study of Time and Energy Allocation among Working Undergraduates,Alford,Elise Leanne,2010,How do working undergraduates at four year private universities manage their time and energy?,"student employees, work, time management, undergraduate, private university, allocation, employment",Academic Services and Programming,Yes,,
Leading from the Minority: Identity Expression of Underrepresented Student Leaders,Cebulski,Adam,2010,How do undergraduate student leaders express their minority identity in their leadership roles in university sponsored student activities?,"Identity, expression, underrepresented, leadership, student activities, univeristy sponsor, undergraduate",Academic Services and Programming,Yes,,
Dollars and Sense: How Colleges and Universities are Promoting Financial Literacy Among Students,Chamberlain,Leah Marie,2010,"How are large four-year public colleges and universities responding to demands toprovide financial literacy education, and what approaches are proving to be most effective?","finance, financial literacy, effective approach, public",Academic Services and Programming,Yes,,
"College Student Expression and Reconciliation of Lesbian, Gay, Bisexual and Christian Identities",Concepcion,Angelica,2010,"In what ways do lesbian, gay, bisexual (LGB) Christian students express and reconcile their LGB and Christian identities?","gay, lesbian, bisexual, LGBTQ, LGBT, christian, religious, undergraduate",Academic Services and Programming,Yes,,
South Asian Americans and the College Experience,Devassy,Jeevan,2010,"Does the ""Model Minority"" stereotype negatively affect South Asian undergraduate students and does the theory of self authorship adequately explain their cognitive journey?","South Asian, Asian, minority, undergraduate, identity, self authorship, sterotype, model minority, cognitive, journey",Academic Services and Programming,No,,
"Friending, Tweeting, and Donating: Online Social Networking and Young Alumni Giving",Diss,Brian Patrick,2010,How does the use of online social networking sites by development departments at major private research universities relate to giving among young alumni (0-10 years post-graduation)?,"alumni, giving, donation, alum, social networking, facebook, twitter, networking, young alumni",Academic Services and Programming,Yes,,
Successful Enrollment and Latino First Generation College Students: From High School to Highly Selective Research I Institutions,Elie,Vernicia,2010,What resources do Latino first generation college students use to enroll successfully at highly selective research I institutions?,"Latino students, first generation college students, institutional fit, enrollment, retention",Academic Services and Programming,Yes,,
The Hot Button of a Profession: Examining the Effects of U.S. News & World Report Rankings on College Admissions,Gallant,Lara,2010,How do U.S. News & World Report rankings impact college admissions?,"college rankings, academic ranking impact, college admissions, US News & World Report",Academic Services and Programming,Yes,,
Helping College Students Sail into the Storm: Mindfulness Programs on Campus,Graber,Robert,2010,"How are mindfulness skills being taught in higher education settings, and how can mindfulness-based interventions help college students respond to stress?",,Academic Services and Programming,N/A,,
First Generation Minority Students and Career Decision Making,Harrison,Michelle Jackson,2010,"What influences the career paths of minority, first generation college students at four-year research institutions?",,Academic Services and Programming,No,,
ADHD and the University Student,Klok,Heather,2010,What services and accommodations successfully meet the needs of ADHD students at private universities?,"ADHD, Attention Deficit, accommodations, private university",Academic Services and Programming,Yes,,
Designing  for America: A Case Study of Service Learning,Komarek,Rebecca Lynn DeLannoy,2010,"What are the implications of Design for America, a design-based service learning program, on ABET outcomes and self-efficacy in participating students?","Service learning, design, design-based service learning, ABET outcomes, ABET, self-efficacy",Academic Services and Programming,Yes,,
The Power of Students' Voice,Lin,Sonia,2010,How do faculty respond to student ratings to improve teaching?,"student ratings, teaching improvement, course evaluations, faculty",Academic Services and Programming,Yes,,
"In or Out? Alumnae Philanthropic Behaviors, the Motivations Behind Them, and Their Relationship to Higher Education Giving Circles",McLaughlin,Kelly,2010,How does involvement in higher education giving circles influence alumnae philanthropic behaviors and how do those behaviors compare to behaviors of alumnae who are not giving circle members?,"involvement, alumnae, alumni, alums, giving, donations, behavior. Philinthropic, philanthropy",Academic Services and Programming,Yes,,
Graduate Student Use of Career Information Services,Mueggenburg,Klara,2010,What sources of information do liberal arts and sciences graduate students use to answer questions they have about their careers?,"Graduate students, career services, departmental sources, institutional resources, Master's, PhD, career, job, career planning, information source, non-academic",Academic Services and Programming,Yes,,
Ensuring Quality: How Faculty are Supported in Online Distance Education,Noble,Allison R.,2010,How are faculty being supported to ensure quality in online distance education and how is this support communicated by the administration?,,Academic Services and Programming,No,,
Millennials and Majors: Factors Influencing Major Choice of Today's Liberal Arts and Science Students,Puchtel,Jennifer C.,2010,Which factors most strongly influence the major choice of Millennials who major in the liberal arts and sciences at a highly selective research university?,"millennials, liberal education, liberal arts and sciences, majors, Northwestern University, Weinberg College of Arts and Sciences, major choice, the Millennial Generation",Academic Services and Programming,Yes,,
To Pay for the Lattes: Exploring Career Decision-making among Top-tier MBA Students,Schaefer,Michael,2010,What factors influence career choice decisions among top-tier MBA students from program entry to exit?,,Academic Services and Programming,No,,
View from the �Stacks�: A New Perspective on Racial Positional Segregation in College Athletics,Seidler,Andrew,2010,How do African-American male college athletes experience racial positional segregation�commonly referred to as �stacking��and how does this phenomenon affect them?,,Academic Services and Programming,No,,
America�s Comeback: Educating Globally Aware Students through Community College Study Abroad Programs,Shiperek,Nicole C.,2010,What are the impacts on global awareness for community college students who participated in a study abroad program?,"Community College, study abroad, abroad, international, global awareness",Academic Services and Programming,Yes,,
Community Matters:� A Study of the Positive and Negative Aspects of Residential Living & Learning Communities at Northwestern University,Sojka,Joanna Caroline,2010,"What do students perceive to be the positive and negative aspects of residential college living arrangements at Northwestern University, and how can student affairs professionals use this information to enhance the overall residential experience on campus?","Residential Life, Residence hall, Northwestern University, student affairs, learning communities",Academic Services and Programming,Yes,,
The Retention of First Generation Students: A Qualitative Study of the Factors that Influence the Student Experience at a Public Four Year University,Woods,Sara,2010,"Which factors most strongly influence the retention of first generation students just completing their sophomore year at a large, urban, public four-year institution?","retention, first generation, public, public university",Academic Services and Programming,Yes,,
Factors Influencing Career Decision-Making for Chinese Undergraduate Students at a Highly Selective Private Research University in the U.S.,Zhang,Hui,2010,What factors influence career decision-making for Chinese internationalundergraduate students at an American highly selective private university?,"career, Chinese, international, undergraduate, private university, decision-making",Academic Services and Programming,Yes,,
Developing Intercultural Maturity in Short-Term Study Abroad: Gaining an Understanding of Ourselves and Our Self,Beltmann,Meghan,2009,What programmatic elements promote intercultural maturity in short-term study abroad?,,Academic Services and Programming,,,
Let's Give 'em Something to Talk About: Assessing the Importance of Parental Communication on First-Year Student Drinking Behaviors,Block,Elizabeth,2009,"What messages - if any - are parents sending their traditional first-year students about alcohol, and do these messages relate to student drinking behaviors?",,Academic Services and Programming,,,
College Chaos: Exploring the first-year transition experiences of freshmenstudent-athletes at South College,Dunn,Julie,2009,What support systems do freshmen student-athletes utilize the most and how do they contribute to the first-year experience at South College?,,Academic Services and Programming,,,
"""It's All Greek to Me"": Fraternity Stereotyping on College Campus",Lesova,Nadya,2009,What are non-fraternity students' attitudes towards fraternity members and how do these attitudes play a role in the interactions between fraternity members and their non-fraternity peers?,,Academic Services and Programming,,,
"High-Stakes Test, High-Stakes Culture: Social and Cultural Influences on Test Preparation Behaviors in College Applications",Musser,David,2009,What social factors influence high-achieving students' decisions to use SAT test preparation tools?,,Academic Services and Programming,,,
Millennial MBA's and the Economic Crisis: Are They Ready for the New Employment Landscape?,Nagy Frasher,Leigh,2009,What are Millennial MBA's expectations for employers and how have they changed since the economic downturn?,,Academic Services and Programming,,,
"""Home"" Schooling: Discovering Bicultural Identity Through Study Abroad",Palmares,John,2009,"How does studying abroad to a venue of heritage develop American, minority students' bicultural identities?",,Academic Services and Programming,,,
Negative Experiences of Student Involvement: What College Seniors Experience in their Final Year of Student Leadership,Ritari,Renee,2009,What factors influence active student leaders to withdraw from their student leadership commitments as seniors?,,Academic Services and Programming,,,
Holistic Excellence: A Look at Division III Student Athletes at Two Liberal Arts Colleges and the Support Systems in Place,Schutt,Laura,2009,How do student services contribute to the Division III student-athlete development as a well-rounded individual at a liberal arts college?,,Academic Services and Programming,,,
Stressing the Importance of Programs and Structures: Helping College Students Manage and Overcome Stress,Vos,Eric,2009,How can four-year residential colleges and universities help students manage and overcome stress?,,Academic Services and Programming,,,
Embodying the Theory/Practice Divide: Women's and Gender Studies and Student Activism,Weseman,Katherine,2009,How do the curricula and program designs of Women's and Gender Studies programs at institutions of higher education promote student activism?,,Academic Services and Programming,,,
AccessAbility Goes to College,Abel,Andrea,2008,How effective are higher education disability service programs in supporting students with disabilities?,,Academic Services and Programming,,,
On the Road to Holistic Advising: Integrating Career and Academic Advising,Andrews,Elizabeth,2008,"What are the perspectives of career and academic advising personnel at Lowell University on the movement to combine their services, and why has the same decision not been made at universities like Callahan University and Raphael College?",,Academic Services and Programming,,,
"Test-optional Admissions at Liberal Arts Colleges- Breaking ranks, Providing new opportunity?",Cortes,Carla,2008,What is the evidence that test-optional admission policies broaden access to selective colleges for students from diverse social and economic backgrounds?,,Academic Services and Programming,,,
Keeping College Sustainability Sustainable: an overview of the factors leading to success of environmental sustainability policies on college campuses,Eimers,Kathryn,2008,"What factors lead to the successful implementation and ongoing success of environmental sustainability practices, initiatives, and/or policies on college campuses?",,Academic Services and Programming,,,
Creating a Green Community: Understanding Student Environmental Behaviors for Increased Campus Participation at Northwestern University,Hasegawa,Nika,2008,How can Northwestern University motivate its students to practice more environmentally responsible behaviors as members of the campus community?,,Academic Services and Programming,,,
Urban Universities and Student Engagement,Herzfeld,Elizabeth,2008,How can large urban universities create a culture of engagement for their students?,,Academic Services and Programming,,,
American Muslim Leadership Development at Seminaries in the United States,Khan,Sadya,2008,"How are various seminaries in the United States preparing American Muslim leaders through their objectives, curricular content and pedagogical techniques?",,Academic Services and Programming,,,
"Is ""more"" really better? Impact of duration on study abroad experiences",Kwan,Susanna,2008,How does the duration of study abroad programs impact the experience of study abroad students?,,Academic Services and Programming,,,
Winning at the Game of Life: A Closer Look at University of Illinois at Urbana-Champaign's Suicide Prevention Program,Lewis,Syeda,2008,What makes University of Illinois at Urbana-Champaign's suicide prevention program successful?,,Academic Services and Programming,,,
Problem-based Learning in Medical Education,Mayer,Alejandro,2008,What are some of the challenges to problem-based learning in medical education?,,Academic Services and Programming,,,
After Commencement:  Perception of Leadership and Civic Engagement for Study Abroad Alumni,Mitic,Ray,2008,How do recent college graduates perceive their leadership development and civic engagement following their participation in an American led study abroad program?,,Academic Services and Programming,,,
Partnerships in Campus Housing,Samuels,Sarah,2008,"What factors impact the likelihood of success, and how is that success defined in an institutional developer partnership to create or improve campus housing?",,Academic Services and Programming,,,
What are they Doing Now and Why: Zimbabwean Graduates of the United States Achievers Program,Segal,Alison,2008,What factors impact the post-college outcomes of Zimbabwean students in the United States Achievers Program?,,Academic Services and Programming,,,
From Seven to Five to Zero?: Exploring the Likelihood of the Seven Sisters Remaining Women's Colleges,Selden,Emily,2008,"What factors have contributed to the remaining all-female Seven Sisters colleges' ability to remain single-sex, and what is the likelihood of their continued success as women's colleges?",,Academic Services and Programming,,,
Parental Intervention and its Affect on Students� Coping Skills,Shannon,Kate,2008,"How does direct parental contact with university administrators and faculty affect students' ability to cope with difficult situations, as well as their perceived maturity and independence?",,Academic Services and Programming,,,
Learning While Earning: Better Understanding the Needs of Working Students,Sproule,Sarah,2008,What unique academic challenges confront community college students who work full-time and how can institutions provide academic support?,,Academic Services and Programming,,,
Planting the Seed:  University Strategies for Turning Undergraduate Students into Alumni Donors,Syskowski,Courtney,2008,"How do institutions intentionally attempt to grow undergraduate students into alumni givers, and are these methods more effective than unintended, student-driven ones?",,Academic Services and Programming,,,
CUL8R: Is Higher Education Failing the Millennial Generation?,Tai,Nancy,2008,How is the use of technology in the college classroom contributing to poor social skills among Millennial Generation employees?,,Academic Services and Programming,,,
The Transfer of Training of the International Teaching Assistant Training,Wang,Shyanmei,2008,Can a holistic ITA training program conducted by a teaching center cultivate more effective ITAs than a language-based ITA training program conducted by a language center?,,Academic Services and Programming,,,
"How Chicago area Colleges and Universities Compete by Using their Wealth to Affect Price, Aid, and Educational Cost Levels",Wilkin,John,2008,"How do Chicago-area colleges and universities use their wealth and donative resources when creating their tuition pricing, institutional aid, and educational cost strategies?",,Academic Services and Programming,,,
Girls Just Want to Have Fun: Dangerous Drinking in Higher Education,Wysocki,Julia,2008,What social factors influence first year women in four year colleges and universities to drink dangerously?,,Academic Services and Programming,,,
Kazakhstan and the United States of America:  Partnership in Higher Education,Bilyalou,Darkhan,2007,What is needed to establish a study abroad program in Kazakhstan?,,Academic Services and Programming,,,
"""Non-Traditional"" Students, Traditional Career Needs?:  A Look at the Career Service Needs of Non-Traditional Students at a Highly Selective Research I Institution",Burke,Liz,2007,"What are the career service needs of non-traditional undergraduates in comparison to traditional undergraduates at a private Research I institution, and how are career service professionals meeting those needs?",,Academic Services and Programming,,,
The College Union of Today,Dillon,Rich,2007,What are design and renovation trends in college unions at colleges and universities in the new Millennium?,,Academic Services and Programming,,,
Non-Traditional Students and the Transfer Experience,Donaldson,Sheri,2007,How is the self-esteem of non-traditional students affected by transferring from community colleges to 4-year colleges and universities?,,Academic Services and Programming,,,
Understanding the Future Aspirations of Chicago Public High School Students Participating in After School Programs,Emms,Julie,2007,What future aspirations do Chicago Public High School (CPS) students in afterschool programs have for postsecondary education?,,Academic Services and Programming,,,
Through a Glass Darkly: A Parishioner Survey of Garrett-Evangelical Theological Graduates,Gill,Jason,2007,"By using parishioner assessment, how has Garrett-Evangelical prepared their graduates for pastorships?",,Academic Services and Programming,,,
Service Learning as an Instrument to Increase Undergraduate Learning Outcomes in the Classroom,Grimm,Jamie,2007,How do credit bearing service learning programs at large private research institutions impact students� undergraduate academic experience?,,Academic Services and Programming,,,
Institutional Differences and Title IX Compliance Decisions in NCAA Division I Institutions,Hosmon,Aaron,2007,"Do institutional differences such as size, type, and athletic operating budget affect institutions' Title IX compliance decisions amongst NCAA Division I institutions?",,Academic Services and Programming,,,
"""Show Me the Money"":  Philanthropic Giving to Higher Education in the 21st Century",Kepka,Marianna,2007,How are new patterns in philanthropy changing gifting to higher education institutions?,,Academic Services and Programming,,,
Learning While Earning: Student Employment and Learning Outcomes,Lewis,Jonathan,2007,What on-the-job experiences at a college union relate most strongly with undergraduate learning outcomes?,,Academic Services and Programming,,,
Revisiting the Greenhouse Institute:  Examining the Student Life Outcomes,Reck,Daniel,2007,How does living at a residential high school for gifted students affect those students' perceived social development and preparation as they graduate?,,Academic Services and Programming,,,
Promoting the Dream: A Study of the International and Student Factors that Influence Community College Students to Transfer to 4-Year Institutions,Saxon,Jocelyn,2007,What institutional and personal factors influecnce community college students to transfer to four year institutions?,,Academic Services and Programming,,,
Student Digital Culture,Thomas,Kristin,2007,Why do college students participate in digital culture?,,Academic Services and Programming,,,
The Transfer of Training of the International Teaching Assistant Training,Wang,Shyanmei,2007,Do skills practices in the international assistant training program transfer to the teaching assistantship experience?,,Academic Services and Programming,,,
"""Should I Stay or Should I Go"":  Retention Issues at a Highly Selective Research University",Weyman,Kristin,2007,What are the factors that prompt attrition at a highly selective Research I institution?,,Academic Services and Programming,,,
Re-thinking  Town-Gown Relations in Light of Recent Changes in Local Legislation Related to the Sale of Alcohol,Becker,Jamey,2006,"What are the intended and unintended effects of the university, students, and the city where the university is located when changes in city ordinances pertaining to alcohol occur?",,Academic Services and Programming,,,
The College Application Essay,Boecklin,Carla,2006,How does a student�s college application essay assist admissions directors at elite research institutions to determine a good fit for both the student and the institution?,,Academic Services and Programming,,,
Understanding Student Affairs from an Institutional Advancement Perspective,Harkness,Lindsey,2006,How might developing an accurate understanding of the role of the student affairs professional help to support institutional advancement?,,Academic Services and Programming,,,
Sophomore Slump:  A Critical Examination of the Undergraduate Sophomore Experience at a Midwestern Research University,Kennedy,Shannon,2006,"Do sophomore undergraduates at Eberly University experience a period of developmental confusion and uncertainty termed �sophomore slump� and if so, why does this occur?",,Academic Services and Programming,,,
Student-Faculty Interaction in a Peer-Led Team Learning Program,Laczynski,Kimberly,2006,What are undergraduate peer facilitators' perceptions of the quality and quantity of their interaction with faculty in and outside of the classroom in a peer-led team learning program?,,Academic Services and Programming,,,
A Department Chair's Role in Strategic Planning,McNeill,Kelly,2006,What is the role of a department chair in implementing a successful strategic plan?,,Academic Services and Programming,,,
The Path to College: Precursors and Support Systems for LD and AD/HD Students,Remington,Judith,2006,What precursors and support systems help students with learning disabilities (LD) and/or attention deficit/hyperactivity disorders (AD/HD) succeed in college?,,Academic Services and Programming,,,
Improving Learning...One click at a Time,Schuller,Mary,2006,How does the use of a Personal Response System impact the academic performance and experiences of female students in an undergraduate calculus class?,,Academic Services and Programming,,,
Moral and Ethical Development of College Students Through Non-Academic Conduct Codes,Scott,Stephen,2006,Do institutions have an obligation to the moral and ethical development of their students outside the classroom by creating student conduct codes in order to address the students' non-academic conduct?,,Academic Services and Programming,,,
The Gateway Science Workshop Program: Improving the Retention of Women in the Sciences,Smith,Sarah,2006,"In light of low retention rates for women students in the sciences, how is the Gateway Science Workshop program at Northwestern University improving the performance and success of women in the STEM (science, technology, engineering and mathematics) disciplines?",,Academic Services and Programming,,,
Multiracial College Students: Experiences on a Predominantly White Campus,Tsai,Evelyn,2006,"How is a multiracial college student�s self-identity affected by their experiences prior to attending school, as well as campus factors such as racial climate, student services and activities, peer culture, and curriculum, in a predominantly white institution?",,Academic Services and Programming,,,
Student Digital Culture,Yates Thomas,Kristin,2006,Why do college students participate in digital culture?,,Academic Services and Programming,,,
The College Application Essay,Boecklin,Carla,2005,How does a student�s college application essay assist admissions directors at elite research I institutions to determine a good fit for both the student and the institution?,,Academic Services and Programming,,,
"Roles, Responsibilities, and Expectations:  The Evolving Faculty-Teaching Assistant Relationship",Calkins,Susanna,2005,What factors contribute to forming faculty expectations of teaching assistants (TAs) and how do those expectations affect the faculty members' professional interactions with their TAs?,,Academic Services and Programming,,,
Benefit or Burden:  Perceptions of Undergraduate Loan Debt,Christianson,Brian G.,2005,How does a student's perception of undergraduate loan debt affect major life choices?,,Academic Services and Programming,,,
Gender and Career Planning for MBA Candidates,Clouse,Jill,2005,"Do male and female MBA candidates use career services differently?  If so, how?",,Academic Services and Programming,,,
"Student Involvement in Cultural, Ethnic-Related and Diversity Activities",Davis,Aisha,2005,"What factors influence student co-curricular involvement and participation in cultural, ethnic-centered, or diversity activities?",,Academic Services and Programming,,,
The Effect of Residence Halls on the Extracurricular Involvement of First Year College Students,Dunham,Nancy,2005,"How does a first year college student's residence hall experience affect his or her extracurricular involvement, and do highly involved first year students share similar residence hall experiences?",,Academic Services and Programming,,,
Parental Involvement and College Choice,Frickx,Gretchen,2005,How does parental interaction with a college affect matriculation decisions?,,Academic Services and Programming,,,
By-Products of International TA Training Programs:  Benefits for Undergraduate Participants,Godwin,Kara Ann,2005,How do international teaching assistant training programs that focus on teaching and learning and involve undergraduate students benefit the undergraduate participants?,,Academic Services and Programming,,,
Academic Earmarks: Their Impact on an Institution's Relationship with its Primary Higher Education Association,Lysy,Meg,2005,"How, if at all, has the increased availability and procurement of academic earmarks affected an institution's relationship with its primary education association?",,Academic Services and Programming,,,
Building Blocks: Orientation's role in the Promotion of Campus Community and Student Engagement in the First Year College Student,Parker,Megan,2005,How can participation in a new student orientation program at a Research I university promote a sense of community and need for engagement for undergraduate students during the first-year experience?,,Academic Services and Programming,,,
FUPers on Campus:  Student Involvement and the Freshman Urban Program,Perry,Lesley,2005,How does participation in a service-learning program prior to orientation affect student involvement in community service and leadership activities during college?,,Academic Services and Programming,,,
Intercultural Competence Development Assessment Instruments:  A Cultural Validity Study for the University Administrator,Popovich,Carolyn,2005,Should ethnicity be taken into account when measuring the intercultural competence of university students?,,Academic Services and Programming,,,
Intercultural Competence Development Assessment Instruments: A Cultural Validity Study for the University Administrator,Popovich,Carolyn,2005,Should ethnicity be taken into account when measuring the intercultural competence of university students?,,Academic Services and Programming,,,
Discussing Controversial Political Issues in the Undergraduate Political Science Classroom,Schnierle,Caryn,2005,How do political science instructors address controversial political topics in the undergraduate classroom and what are the teaching and learning goals associated with these methods?,,Academic Services and Programming,,,
Career Services: When to Start the Job of Deciding on a Career,Simon,Mary,2005,When is the best time for traditional undergraduate students to start utilizing the career services office?,,Academic Services and Programming,,,
Cultural Involvement:  Making the Most of American Undergraduates' Study Abroad,Baer,Sarah,2004,What factors influence the cultural involvement of American undergraduates studying abroad?,,Academic Services and Programming,,,
"Roles, Responsibilities, and Expectations:  The Evolving Faculty-Teaching Assistant Relationship",Calkins,Susanna,2004,What factors contribute to forming faculty expectations of teaching assistants (TAs) and how do those expectations affect the faculty members� professional interactions with their TAs?,,Academic Services and Programming,,,
"The Effects of College Rankings on Prospective College Students, Parents and Admissions Administrators",Miller,Dara,2004,How do college rankings affect the college choice process of prospective college students and parents as well as how do these rankings affect the actions of higher education admissions administrators?,,Academic Services and Programming,,,
Eating Disorders and the First Year Female College Student:  Examining the Residence Hall,Miller,Erin,2004,What factors in residence halls may contribute to the development of eating disorders or eating disturbances among first-year undergraduate females?,,Academic Services and Programming,,,
Doctoral Graduates and the Transition into the Urban Community College,Quinby,Melissa,2004,What do doctoral graduates experience when they take positions at urban community colleges and what faculty development programs do these colleges have in place to support the transition of new faculty members?,,Academic Services and Programming,,,
Persistence in College Factors for African American Males,Trimuel,Joan,2004,What factors contribute to the persistence in college of African-American males in predominantly white four-year institutions?,,Academic Services and Programming,,,
Compliance Issues Impacting University Budgets,Burke,Tricia,2003,See title,,Academic Services and Programming,,,
Feeling Smart:  The relationship between emotional intelligence and academic success,Dalinka,Andrea Beerman,2003,See title,,Academic Services and Programming,,,
The Context of Administrative Technology Change in Higher Education and Employee Learning Needs During the Change Process,Fugazzoto,Sam,2003,What historical and contextual issues affect administrative technology implementation in educational institutions and by what methods do employees best learn and adapt?,,Academic Services and Programming,,,
Parental Involvement in the College Choice Process,Gholson,Molly,2003,How (and how much) do parents influence students as the search for an undergraduate institution to attend?,,Academic Services and Programming,,,
Bridging Cultures:  Academic Advising and International Students,Kofahl,Tia,2003,See What are American academic advisors� perceptions of the advising needs of international students studying at American institutions?,,Academic Services and Programming,,,
Going Inward by Going Abroad: Understanding Heritage Seeking for Chinese Americans studying Abroad in China,Rubin,Jill,2003,Do study abroad experiences affect identity formation when Asian American students study abroad in their ethnic homeland?,,Academic Services and Programming,,,
How do female Korean immigrant students socialize so that they feel satisfied with school despite the pressure of keeping one's traditional Asian culture and the pressure of acculturating into an American culture?,Shin,Jeanne,2003,How do female Korean immigrant students socialize so that they feel satisfied with school despite the pressure of keeping one's traditional Asian culture and the pressure of acculturating into an American culture?,,Academic Services and Programming,,,
Finding Balance:Understanding the Challenges Faced by Young Professional Women in Achieving Work and Family Integration,Speck,Nicole,2003,How do college educated women between the ages of 25 and 40 who have begun professional careers think about integrating those careers with childbearing and rearing?,,Academic Services and Programming,,,
Building Community on College Campuses,Vanadilok,Tedd,2003,What elements of community are important to college students?,,Academic Services and Programming,,,
The Art of Telling Your Firm's Story?,Wilk,Tracey,2003,What behaviors do relationship managers need to demonstrate to become trusted advisors?,,Academic Services and Programming,,,
"""I Made It My Home"": The experiences of students living in a residential college system.",Hill,Mark,2002,,,Academic Services and Programming,,,
Teacher Preparation and the Attitudes of One Group of Education Program Graduates,Larson,Carl,2002,What are the attitudes of the graduating Northwestern Masters in Education (MSEd) students toward Northwestern's MSEd program ?,,Academic Services and Programming,,,
What challenges and opportunities face first generation students both from their home communities and in traditional four-year universities?,Nkansah,Martin,2002,What challenges and opportunities face first generation students both from their home communities and in traditional four-year universities?,,Academic Services and Programming,,,
"Bridging the Great Divide: Understanding the Town-Gown Issues of Evanston, Illinois",Grevas,Sydney,2001,Can a new cooperative partnership be formed between the City of Evanston and Northwestern University in light of the recent history of their relationship?,,Academic Services and Programming,,,
Picking Teams: The Role of Intercollegiate Athletics in Prospective Student College Choice,Grout,Katie,2001,The uncovering of the general reasons for the existence of intercollegiate athletics and for their seemingly pervasive presence on college and university campuses. Their specific uses in prospective � student college choice.,,Academic Services and Programming,,,
Suggestions to improve Minority Student Academic Achievement,Johns,Kevin,2001,: What factors and types of experiences during junior high and high school provide African American students with the opportunity to gain academic admission to an elite university?,,Academic Services and Programming,,,
Experiential Learning:  Transforming Theory into Practice,Nelson,Audra,2001,The nature of learning and experiential learning theory,,Academic Services and Programming,,,
Higher Education of a Higher Order: The Revelation of Inclusion,Ruiz-Johnson,Marie,2001,What can we understand about the need to provide both inclusiveness and support for cultural identity development for new majority students in higher education?,,Academic Services and Programming,,,
The Rationale for Race-Sensitive Marketing Used in Admissions at Selective Colleges and Universities,Ahlm,Kurt,2000,Is the type of race-sensitive marketing that selective colleges and universities use to attract racially diverse students misleading to Black and Hispanic students?  If so does this deception result in a racially segregated campuses?,,Academic Services and Programming,,,
Career Planning and Counseling,Farrell and Reeme,Kathleen and Jody,2000,What can we understand about the process that college seniors undergo when making career decisions?,,Academic Services and Programming,,,
Research on Career Identity in Student Affairs Professionals,Sato,Goro,2000,What are the constructs of career identity in student affairs professionals?  How does the career identity in student affairs professionals develop? M.,,Academic Services and Programming,,,
"The Evolution of College and University Admissions at Selective Institutions: Past Developments, Present Realities and Dilemmas, and Future Possibilities",Cera,Gregory,1999,(See quote)� Is Cox implying that the admissions system of recruitment and selection that existed in the past was superior to the �current marketing atmosphere� that permeates admissions?  How does this deteriorate from service to students and institutions?,,Academic Services and Programming,,,
Business Process Reengineering,Christofel,Donna,1999,Can business process reengineering be successfully implemented within a small organization (annual sales less than $40 million; less than 200 employees) in a state of extreme turmoil and uncertainty?,,Academic Services and Programming,,,
"Learning, Exclusion, and the Boy Scouts of America",Cottrell,Dan,1999,"Does the fact that Scouting does a lot of good and teaches a discipline override the presence of exclusionary policies such as the exclusion of gay Scout leaders, atheist Scouts, and women?",,Academic Services and Programming,,,
The International Career Development Needs of US Students and International Students at Northwestern University,Dwyer,Bryan,1999,"What are the career development needs of international students and American students who are seeking careers with an international component?  How well are major research universities, such as Northwestern University, and student affairs professionals addressing the career development needs of these constituents?",,Academic Services and Programming,,,
The Future of Affirmative Action,Thym,Meredith,1999,"What can be done to ensure that minorities, African-Americans in particular, continue to have meaningful access to selective institutions of higher education and benefit from the opportunities (economic as well as psychic) afforded by this elite education?",,Academic Services and Programming,,,
Can Project-based Organizations Learn to Innovate?,Unger,Meredith,1999,see title,,Academic Services and Programming,,,
Workplace Diversity,Zienty,Michelle,1999,How can US business leaders successfully manage cultural diversity in the workplace?,,Academic Services and Programming,,,
The Emerging Challenge:  Leadership in Non-Profit Organizations,Frank and Richards,Betsey and Donna,1998,"Considering the changing environment of the non-profit sector, what qualities should a leader of a non-profit organization possess and in what ways should these qualities be developed?",,Academic Services and Programming,,,
African American Women in Higher Education,Harrison,Eleanor,1998,"Are the obstacles they encounter, the sacrifices they make, and the satisfactions they derive, worthwhile for African American women in careers in higher education?",,Academic Services and Programming,,,
Title IX and Intercollegiate Athletics,Hashimoto,Kiyoe,1998,"More than 25 years after the passage of Title IX, why is gender equity in intercollegiate athletics not yet a reality?",,Academic Services and Programming,,,
A Study of Freshman Satisfaction at Northwestern University,Burns and Morter,Betsi and Kimberly,1997,Can a model of student satisfaction be developed for freshman students at Northwestern?,,Academic Services and Programming,,,
Much Ado About Something:  The healthy role of family and secondary school in the competitive college admissions process,Cooper,Sharon,1997,What is the healthy role of family and secondary school in the American competitive college admissions process as it is practiced today and how does the process serve to indicate that healthy role?,,Academic Services and Programming,,,
How can small liberal arts colleges apply marketing principles to their world wide web sites to make the internet a resource for active student recruiting,Holleman,Michelle,1997,How colleges can use marketing to gain an advantage in recruiting.,,Academic Services and Programming,,,
The Co-curricular Transcript and Student Development: A Modern Review and Implementation,Olson,Aaron K.,1997,How might an involvement transcript program be implemented to best enhance undergraduate education at a small  liberal arts institution?,,Academic Services and Programming,,,
At Odds: Affirmative Action Admissions Policies and African Americans in Higher Education,Ball,Angela,1996,Do affirmative action admissions policies benefit African American students?,,Academic Services and Programming,,,
College Student Adjustment and Development: Is Involvement the Answer?,Corwin,Linda,1996,What are the elements that go into a successful college career?,,Academic Services and Programming,,,
The Time Management Skills of the Northwestern Football Team,Hansburg,David,1996,What factors determine whether or not football players at Northwestern manage their time properly and what experiences help them do so?,,Academic Services and Programming,,,
Motivation and Emotional/Social Maturity: two important non-cognitive factors admissions counselors should consider when making admissions decisions,Wehr,Karen,1996,"What place should motivation and social/emotional maturity have in admissions decisions? And, what are the best ways for admissions professionals to gain the information?",,Academic Services and Programming,,,
"After  30 Years of Affirmative Action Program, Does This Strategy Continue To Be Appropriate For Our Society in the Year 2000 and Beyond?",Aquino amd Leonatti,Adrecil and Michelle,1995,"affirmative action: history of, impact of, current debate over, and re-examination of",,Academic Services and Programming,,,
A Diversity Seminar,Bauman,Georgia,1995,Does multi-cultural education make a positive difference in college students' lives and educational attainment?,,Academic Services and Programming,,,
Male and Female Communication Styles in the College Classroom,Coxe,Dorothy,1995,"If females are at a disadvantage at the post-secondary level b/c of their style of communication, and specifically if they are at a disadvantage in terms of the # and quality of interactions w/ faculty, what can be done to ensure more equal participation in college classes?",,Academic Services and Programming,,,
What Can Be Done To Address the Lack of Balance People Experience Between the Competing Pressures of Work and Personal Concerns?,Weisz,Alice Rowland,1995,"Exploring the gender ratios. Glass ceiling, and balance of family, leadership and structure, work satisfaction,  and gender comparisons.",,Academic Services and Programming,,,
Revision of Responsibilities 102: The Incoming Freshmen Sexual Assault Education Program at Northwestern University,Wittenstrom,Becky,1995,"How can Responsibilities 102, the mandatory freshman sexual assault education orientation session during New Student Week, be constructed to be more effective (powerful, useful, and pertinent)?",,Academic Services and Programming,,,
,,,,,,Academic Services and Programming,,,